5;микрорайон Столичный;мкрн Столичный;в сторону улицы 9 Января;2;56,89012953;53,2540828;0
7;Баня;Баня;в сторону улицы Дзержинского;2;56,88973869;53,25738941;0
8;улица 9 Января;ул. 9 Января;в сторону улицы Ворошилова;2;56,88421278;53,2583153;0
10;Баня;Баня;в сторону Воткинского шоссе;2;56,88946728;53,25792912;0
11;микрорайон Столичный;мкрн Столичный;в сторону улицы 9 Января;2;56,89000058;53,25461388;0
12;Русский дом;Русский дом;в сторону улицы 9 Января;2;56,88855298;53,24640634;0
41;улица Аристов Ключ;ул. Аристов Ключ;в сторону улицы Баранова;2;56,8358119;53,1159989;0
42;Автокооператив Искра;Автокооператив Искра;в сторону улицы Олега Кошевого;2;56,8337624;53,12114184;0
43;Ветеринарная лечебница;Ветлечебница;в сторону улицы Шевченко;2;56,8338341;53,12634174;0
44;поселок Машиностроителей;пос. Машиностроителей;конечная остановка;2;56,83257678;53,11109966;0
59;улица Школьная;ул. Школьная;в сторону сквера Металлургов;2;56,88136654;53,19212043;0
60;Городок Металлургов;гор. Металлургов;в сторону сквера Металлургов;2;56,88113709;53,18606201;0
61;Сквер металлургов;Сквер металлургов;конечная остановка;3;56,87573169;53,18454044;0
62;Сквер металлургов;Сквер металлургов;в сторону улицы Тарасова;2;56,87624501;53,18318461;0
63;Сквер металлургов;Сквер металлургов;в сторону улицы 50 лет ВЛКСМ;2;56,87677006;53,18371974;0
64;улица Фруктовая;ул. Фруктовая;в сторону сквера Металлургов;2;56,87842168;53,19373946;0
65;улица 6-я Подлесная;ул. 6-я Подлесная;в сторону улицы Кирова;3;56,86931751;53,18513593;0
76;База строймеханизации;База строймеханизации;конечная остановка;2;56,81202399;53,13984666;0
114;Ветеринарная лечебница;Ветлечебница;в сторону улицы Олега Кошевого;2;56,83368023;53,12608778;0
119;улица Новая;ул. Новая;в сторону поселка Машиностроителей;2;56,83712435;53,11372786;0
120;улица Селтинская;ул. Селтинская;в сторону Новошестнадцатой улицы;2;56,83004982;53,13912333;0
121;магазин Родина;м-н Родина;в сторону улицы Кузебая Герда;2;56,83041082;53,14308768;0
122;улица Селтинская;ул. Селтинская;в сторону улицы Кузебая Герда;2;56,83012025;53,13735311;0
124;завод Керамблоков;з-д Керамблоков;в сторону Новошестнадцатой улицы;2;56,82955676;53,12939763;0
125;завод Керамблоков;з-д Керамблоков;в сторону улицы Баранова;2;56,83052529;53,12780976;0
331;Электросети;Электросети;в сторону Механизаторской улицы;2;56,79048995;53,18351735;0
333;улица Механизаторская;ул. Механизаторская;в сторону Транссельхозтехники;2;56,78899198;53,18310474;0
334;Железнодорожная больница;Ж/д больница;в сторону Локомотивной улицы;2;56,7889387;53,17790486;0
337;поселок Шунды;пос. Шунды;конечная остановка;2;56,79996165;53,14237125;0
338;улица Калининградская;ул. Калининградская;в сторону улицы Азина;2;56,80057738;53,14899797;0
339;улица Тракторная;ул. Тракторная;в сторону деревни Пирогово;2;56,79872817;53,16041133;0
340;улица Калининградская;ул. Калининградская;в сторону поселка Шунды;2;56,80062731;53,14865463;0
342;улица Фурманова;ул. Фурманова;в сторону деревни Пирогово;2;56,79301165;53,15772995;0
345;улица Тракторная;ул. Тракторная;в сторону Областной улицы;2;56,79948451;53,1614709;0
346;улица Тракторная;ул. Тракторная;в сторону Шунды;2;56,79951395;53,16071424;0
361;микрорайон Нагорный;мкрн Нагорный;в сторону Московской улицы;2;56,78986075;53,17457577;0
362;улица Динамовская;ул. Динамовская;в сторону Московской улицы;2;56,79180366;53,17512292;0
365;улица Московская (в том числе тупик);ул. Московская;начальная остановка;3;56,79596718;53,18528613;0
366;улица Московская;ул. Московская;в сторону Московской улицы;2;56,79582294;53,18503082;0
367;Железнодорожный вокзал;Ж/д вокзал;в сторону Московской улицы;2;56,80141833;53,18673449;0
368;улица Московская;ул. Московская;конечная остановка;3;56,79561588;53,18515974;0
370;улица Московская;ул. Московская;в сторону Московской улицы;2;56,79464774;53,17599554;0
371;Ижевская соборная мечеть;Соборная мечеть;в сторону деревни Пирогово;2;56,80424616;53,16567076;0
393;улица Молодежная;ул. Молодежная;в сторону улицы Петрова;2;56,8528493;53,29225069;0
394;Проспект Калашникова;пр-т Калашникова;в сторону улицы Сабурова;2;56,85655377;53,29186441;0
395;улица Молодежная;ул. Молодежная;в сторону улицы Ленина;2;56,85149413;53,29149431;0
396;Проспект Калашникова;пр-т Калашникова;в сторону улицы Ленина;2;56,85624583;53,29149431;0
405;Госархив;Госархив;в сторону улицы Ленина;2;56,84199191;53,28260539;0
406;улица Первомайская;ул. Первомайская;в сторону улицы Ленина;2;56,8447733;53,28726711;0
407;Спортивная;Спортивная;в сторону улицы Сабурова;2;56,84789187;53,28965429;0
408;Радиотехника;Радиотехника;в сторону улицы Молодежной;2;56,84603188;53,29241697;0
409;улица Маслюкова;ул. Маслюкова;в сторону улицы 40 лет Победы;2;56,84842807;53,28332512;0
410;Госархив;Госархив;в сторону улицы 40 лет Победы;2;56,84213862;53,28344765;0
411;Рембыттехника;Рембыттехника;в сторону улицы Молодежной;2;56,84450338;53,2974434;0
412;Рембыттехника;Рембыттехника;в сторону Аэропорта;2;56,84425109;53,29741124;0
413;Радиотехника;Радиотехника;в сторону улицы Молодежной;2;56,84583242;53,29226138;0
414;Спортивная;Спортивная;в сторону улицы Ленина;2;56,8483084;53,28950948;0
415;улица Маслюкова;ул. Маслюкова;в сторону улицы Молодежной;2;56,8478619;53,28478829;0
416;улица Первомайская;ул. Первомайская;в сторону улицы Первомайской;2;56,84438605;53,28657513;0
459;улица Татьяны Барамзиной;ул. Татьяны Барамзиной;в сторону улицы Ворошилова;3;56,86245561;53,2774522;0
460;улица Татьяны Барамзиной;ул. Татьяны Барамзиной;в сторону улицы Ленина;3;56,86226311;53,27742534;0
461;Торгово-развлекательный центр Италмас;ТРЦ Италмас;в сторону улицы Ворошилова;3;56,86809241;53,27525277;0
1091;завод Пластмасс;з-д Пластмасс;начальная остановка;2;56,88405181;53,31558055;0
1104;улица Сабурова;ул. Сабурова;в сторону улицы Сабурова;2;56,87423808;53,301751;0
1106;улица Магистральная;ул. Магистральная;в сторону Магистральной улицы;3;56,81990281;53,20819218;0
1110;Южная автостанция;Южная автостанция;в сторону улицы Чугуевского;3;56,81410635;53,20469351;0
1115;Хозяйственная база;Хозбаза;в сторону улицы Магистральной;3;56,81106189;53,19651921;0
1116;Южная автостанция;Южная автостанция;в сторону улицы Маяковского;3;56,81397537;53,20446135;0
1120;улица Магистральная;ул. Магистральная;в сторону улицы Чугуевского;3;56,82034861;53,2082601;0
1121;Хозяйственная база;Хозбаза;в сторону улицы Гагарина;3;56,81110895;53,19574135;0
1123;улица Гагарина;ул. Гагарина;в сторону улицы Магистральной;3;56,81103539;53,19009266;0
1124;завод Минеральных вод;з-д Минеральных вод;в сторону улицы Магистральной;3;56,80620705;53,18848865;0
1125;улица Планерная;ул. Планерная;в сторону улицы Магистральной;2;56,80572103;53,18848333;0
1126;улица Гагарина;ул. Гагарина;в сторону улицы Магистральной;2;56,81058815;53,19003364;0
1127;улица Гагарина;ул. Гагарина;в сторону Московской улицы;2;56,81095007;53,18980834;0
1128;улица Планерная;ул. Планерная;в сторону Московской улицы;2;56,80660976;53,18839745;0
1130;улица Гагарина;ул. Гагарина;в сторону Московской улицы;3;56,8108324;53,18988917;0
1131;завод Минеральных вод;з-д Минеральных вод;в сторону Московской улицы;3;56,80634094;53,18841745;0
1132;Железнодорожный вокзал;Ж/д вокзал;в сторону улицы Можгинской;3;56,80271526;53,18722283;0
1133;Железнодорожный вокзал;Ж/д вокзал;в сторону улицы Магистральной;3;56,80129532;53,18690202;0
1134;Железнодорожный вокзал;Ж/д вокзал;в сторону улицы Магистральной;2;56,80119689;53,18693158;0
1136;улица Леваневского;ул. Леваневского;в сторону улицы Гагарина;2;56,79468374;53,18193874;0
1138;улица Парашютная;ул. Парашютная;в сторону Областной улицы;2;56,8067875;53,1686655;0
1139;Татарская гимназия;Татарская гимназия;в сторону деревни Пирогово;2;56,81191923;53,17440466;0
1140;Ижевская соборная мечеть;Соборная мечеть;в сторону Областной улицы;2;56,80349567;53,16537965;0
1141;улица Парашютная;ул. Парашютная;в сторону деревни Пирогово;2;56,80763357;53,16953417;0
1142;Автопарк №1;Автопарк №1;в сторону улицы Азина;2;56,81589144;53,18823629;0
1143;Администрация Ленинского района;Адм. Ленинского р-на;в сторону улицы Новоажимова;2;56,81886911;53,17958312;0
1144;Администрация Ленинского района;Адм. Ленинского р-на;в сторону деревни Пирогово;2;56,81955833;53,17995833;0
1146;Автопарк №1;Автопарк №1;в сторону улицы Гагарина;2;56,81558901;53,18899267;0
1148;улица Ударная;ул. Ударная;в сторону ГКБ №3;2;56,81968709;53,15315914;0
1149;улица Мира;ул. Мира;в сторону ГКБ №3;2;56,8199972;53,14828183;0
1150;улица Трудовая;ул. Трудовая;в сторону села Березка;2;56,81749791;53,14649571;0
1151;ГКБ №3;ГКБ №3;в сторону села Березка;2;56,81943341;53,160507;0
1152;улица Ударная;ул. Ударная;в сторону села Березка;2;56,81982376;53,15297526;0
1153;улица Мира;ул. Мира;в сторону села Березка;2;56,8200618;53,14893095;0
1154;улица Трудовая;ул. Трудовая;в сторону ГКБ №3;2;56,81783587;53,14680302;0
1155;СПТУ;СПТУ;в сторону ГКБ №3;2;56,814469;53,14519253;0
1156;СПТУ;СПТУ;в сторону села Березка;2;56,81466273;53,14530508;0
1162;улица Кирпичная;ул. Кирпичная;в сторону улицы Азина;2;56,8188961;53,16816191;0
1163;ГКБ №3;ГКБ №3;в сторону улицы Азина;2;56,81932476;53,16051239;0
1164;Татарская гимназия;Татарская гимназия;в сторону Областной улицы;2;56,81304168;53,17542595;0
1167;Южный рынок;Южный рынок;в сторону деревни Пирогово;2;56,81729678;53,17744627;0
1168;Банк;Банк;в сторону ГКБ №3;2;56,8208479;53,17708209;0
1169;улица Нагорная;ул. Нагорная;в сторону ГКБ №3;2;56,8212898;53,16990392;0
1171;улица Кирпичная;ул. Кирпичная;в сторону ГКБ №3;2;56,81932933;53,16851387;0
1174;улица 6-я Подлесная;ул. 6-я Подлесная;в сторону улицы 50 лет ВЛКСМ;3;56,87018564;53,18513054;0
1175;Сквер им. В.С. Тарасова;Сквер им. Тарасова;в сторону улицы Тарасова;2;56,87651745;53,19091336;0
1176;Ижевский Государственный Технический Университет им. М.Т. Калашникова;ИжГТУ им. Калашникова;в сторону улицы Кирова;2;56,87037265;53,18038106;0
1177;улица 9-я Подлесная;ул. 9-я Подлесная;в сторону улицы 50 лет ВЛКСМ;3;56,8730234;53,18481946;0
1178;Сквер металлургов;Сквер металлургов;начальная остановка;3;56,87552449;53,18448295;0
1179;Ижевский Государственный Технический Университет им. М.Т. Калашникова;ИжГТУ им. Калашникова;в сторону улицы 50 лет ВЛКСМ;2;56,87067464;53,18068685;0
1180;улица 9-я Подлесная;ул. 9-я Подлесная;в сторону улицы 50 лет ВЛКСМ;2;56,87342458;53,18041331;0
1181;улица 9-я Подлесная;ул. 9-я Подлесная;в сторону улицы Кирова;3;56,87333916;53,18472819;0
1182;улица 9-я Подлесная;ул. 9-я Подлесная;в сторону улицы Кирова;2;56,87244538;53,18018792;0
1183;улица Пушкинская;ул. Пушкинская;в сторону улицы Пушкинской;2;56,87585039;53,20517546;0
1184;улица Холмогорова;ул. Холмогорова;в сторону улицы Холмогорова;2;56,87249084;53,20807756;0
1185;Зоопарк;Зоопарк;в сторону улицы Кирова;3;56,8644918;53,17681843;0
1186;улица 30 лет Победы;ул. 30 лет Победы;в сторону улицы Кирова;3;56,86628115;53,18151492;0
1187;улица 4-я Подлесная;ул. 4-я Подлесная;в сторону улицы 50 лет ВЛКСМ;2;56,86661676;53,1810919;0
1188;Сельскохозяйственная Академия;С/х Академия;в сторону улицы 50 лет ВЛКСМ;2;56,86182974;53,18338512;0
1189;Сельскохозяйственная Академия;С/х Академия;в сторону улицы Горького;2;56,86105104;53,18446265;0
1190;Парк имени Кирова;Парк им. Кирова;в сторону улицы Карла Маркса;3;56,86094816;53,17888636;0
1191;Сельскохозяйственная Академия;С/х Академия;в сторону улицы Карла Маркса;3;56,86109656;53,18253953;0
1192;Парк имени Кирова;Парк им. Кирова;в сторону улицы 30 лет Победы;2;56,86079538;53,17890782;0
1193;Сельскохозяйственная Академия;С/х Академия;в сторону улицы Песочной;2;56,86127551;53,18226932;0
1194;улица 4-я Подлесная;ул. 4-я Подлесная;в сторону улицы Кирова;2;56,86537939;53,18114822;0
1195;улица 30 лет Победы;ул. 30 лет Победы;в сторону улицы 50 лет ВЛКСМ;3;56,86621064;53,18050907;0
1196;Сельскохозяйственная Академия;С/х Академия;в сторону улицы 50 лет ВЛКСМ;3;56,86116266;53,18273537;0
1197;Парк имени Кирова;Парк им. Кирова;в сторону Песочной улицы;3;56,86099957;53,17910896;0
1201;Зоопарк;Зоопарк;в сторону улицы 50 лет ВЛКСМ;3;56,86434783;53,17692569;0
1203;Радиозавод;Радиозавод;в сторону улицы Кирова;2;56,85538061;53,2230443;0
1204;Радиозавод;Радиозавод;в сторону улицы Советской;2;56,85566804;53,22243273;0
1205;магазин Подарки;м-н Подарки;в сторону улицы Советской;2;56,85883747;53,19731655;0
1206;переулок Широкий;пер. Широкий;в сторону улицы Ленина;3;56,85670328;53,20262928;0
1207;Центральный универмаг;ЦУМ;в сторону улицы Ленина;3;56,85204202;53,20322477;0
1208;переулок Широкий;пер. Широкий;в сторону улицы Кирова;3;56,85647111;53,20279026;0
1209;Центральный универмаг;ЦУМ;в сторону улицы Кирова;3;56,85225092;53,20334667;0
1210;Филармония;Филармония;в сторону улицы Кирова;2;56,8572254;53,21000337;0
1211;Центральная площадь;Центр. площадь;в сторону улицы Советской;2;56,85233015;53,21156446;0
1212;Филармония;Филармония;в сторону улицы Кирова;2;56,8566799;53,21056131;0
1213;Центральная площадь;Центр. площадь;в сторону улицы Кирова;2;56,85191362;53,21219741;0
1214;переулок Широкий;пер. Широкий;в сторону улицы Кирова;2;56,85693799;53,19797097;0
1215;Дворец культуры Аксион;ДК Аксион;в сторону улицы Кирова;2;56,85010521;53,1991378;0
1216;магазин Подарки;м-н Подарки;в сторону улицы Кирова;2;56,85935171;53,19759018;0
1217;переулок Широкий;пер. Широкий;в сторону улицы Ленина;2;56,85668869;53,19766528;0
1218;Международный университет;МВЕУ;в сторону улицы Тимирязева;3;56,86093637;53,21024537;0
1219;улица Кирова;ул. Кирова;в сторону улицы Советской;2;56,8601963;53,20916659;0
1220;Международный университет;МВЕУ;в сторону улицы Карла Маркса;3;56,86093932;53,209776;0
1221;магазин Океан;м-н Океан;в сторону улицы Пушкинской;3;56,86050004;53,20143039;0
1222;улица Кирова;ул. Кирова;в сторону улицы Майской;2;56,86179748;53,2090861;0
1224;Администрация города;Гор. Администрация;в сторону Майской улицы;2;56,86773433;53,20829037;0
1225;магазин Океан;м-н Океан;в сторону улицы Кирова;3;56,86017091;53,20230606;0
1226;Монтажный техникум;Монтажный техникум;в сторону улицы 30 лет Победы;3;56,86033258;53,19647097;0
1227;магазин Океан;м-н Океан;в сторону улицы Ленина;3;56,85998729;53,2022404;0
1228;улица Бабушкина;ул. Бабушкина;в сторону улицы 40 лет Победы;3;56,84934223;53,26591595;0
1229;улица Молдавская;ул. Молдавская;в сторону улицы Ворошилова;3;56,85240501;53,2790883;0
1230;проспект имени М.Т. Калашникова;пр-т Калашникова;в сторону улицы Ворошилова;3;56,85570703;53,27873967;0
1231;проспект имени М.Т. Калашникова;пр-т Калашникова;в сторону улицы Ленина;3;56,85560414;53,27868873;0
1232;улица Молдавская;ул. Молдавская;в сторону улицы Ленина;3;56,85222425;53,27905076;0
1233;улица Мельничная;ул. Мельничная;в сторону улицы Промышленной;2;56,83467067;53,25642704;0
1234;улица Промышленная;ул. Промышленная;в сторону улицы 40 лет Победы;2;56,83539847;53,2498503;0
1236;улица Мельничная;ул. Мельничная;в сторону улицы 40 лет Победы;2;56,83457681;53,25572968;0
1237;улица Промышленная;ул. Промышленная;в сторону улицы Орджоникидзе;2;56,83567524;53,24767646;0
1239;Механический завод;Механический з-д;в сторону улицы Чугуевского;2;56,83481678;53,24006118;0
1243;улица Карла Либкнехта;ул. Карла Либкнехта;в сторону улицы Воровского;2;56,83840947;53,2310136;0
1244;улица Карла Либкнехта;ул. Карла Либкнехта;в сторону улицы Удмуртской;2;56,8385171;53,23065332;0
1245;Механический завод;Механический з-д;в сторону улицы Орджоникидзе;2;56,83473033;53,24103998;0
1246;Школа искусств;Школа искусств;в сторону улицы Карла Либкнехта;2;56,8348642;53,23464236;0
1247;Школа искусств;Школа искусств;в сторону Промышленной улицы;2;56,83514588;53,23413805;0
1251;завод Нефтемаш;з-д Нефтемаш;в сторону перекрестка улиц Камбарской и 40 лет Победы;2;56,83226918;53,26758547;0
1252;улица Ракетная;ул. Ракетная;в сторону перекрестка улиц Камбарской и 40 лет Победы;2;56,83278373;53,27871209;0
1253;улица Ракетная;ул. Ракетная;в сторону улицы Орджоникидзе;2;56,83317694;53,27914005;0
1254;улица Ильфата Закирова;ул. Ильфата Закирова;в сторону улицы Ленина;2;56,83753702;53,2812033;0
1255;улица Ильфата Закирова;ул. Ильфата Закирова;в сторону улицы Орджоникидзе;2;56,83736646;53,28083104;0
1256;завод Нефтемаш;з-д Нефтемаш;в сторону улицы Промышленной;2;56,83239337;53,2679659;0
1257;улица Смирнова;ул. Смирнова;в сторону улицы Воровского;2;56,84914092;53,26544667;0
1258;улица 40 лет Победы;ул. 40 лет Победы;в сторону улицы Халтурина;2;56,84943193;53,27531179;0
1259;улица 40 лет Победы;ул. 40 лет Победы;в сторону улицы 40 лет Победы;2;56,84917324;53,27543252;0
1260;улица Смирнова;ул. Смирнова;в сторону улицы 40 лет Победы;2;56,8489734;53,26658924;0
1261;улица 40 лет Победы;ул. 40 лет Победы;в сторону улицы Ворошилова;3;56,8495789;53,27555316;0
1262;улица 40 лет Победы;ул. 40 лет Победы;в сторону улицы Халтурина;3;56,84963476;53,27526355;0
1263;улица Бабушкина;ул. Бабушкина;в сторону улицы Халтурина;3;56,84933196;53,26536878;0
1265;Ижевский ипподром;Ипподром;в сторону улицы Ворошилова;3;56,84746983;53,24942315;0
1266;улица Халтурина;ул. Халтурина;в сторону улицы Ворошилова;3;56,84833405;53,25492964;0
1267;Ижевский ипподром;Ипподром;в сторону улицы Халтурина;2;56,84734913;53,24929235;0
1268;Ижевский ипподром;Ипподром;в сторону улицы Воровского;2;56,8475193;53,24897588;0
1269;улица Халтурина;ул. Халтурина;в сторону улицы Ленина;3;56,84835168;53,25443081;0
1270;Ижевский ипподром;Ипподром;в сторону улицы Воровского;3;56,84743308;53,24900471;0
1276;улица Льва Толстого;ул. Льва Толстого;в сторону улицы Тимирязева;3;56,86111856;53,23463472;0
1277;улица Шишкина;ул. Шишкина;в сторону улицы Тимирязева;3;56,86262596;53,24049803;0
1278;улица Тимирязева;ул. Тимирязева;в сторону улицы Дзержинского;3;56,8667262;53,24326879;0
1279;радио Адам;радио Адам;в сторону улицы Тимирязева;3;56,8608027;53,23057793;0
1282;улица Тимирязева;ул. Тимирязева;в сторону улицы Удмуртской;3;56,86656461;53,24309443;0
1283;улица Шишкина;ул. Шишкина;в сторону улицы Удмуртской;3;56,86241736;53,24028611;0
1284;улица Льва Толстого;ул. Льва Толстого;в сторону улицы Удмуртской;3;56,86093343;53,2344309;0
1288;магазин Электротехника в быту;м-н Э/техника в быту;в сторону улицы Бумашевской;2;56,87422041;53,22269755;0
1289;улица Димитрова;ул. Димитрова;в сторону улицы 10 лет Октября;2;56,87011956;53,2230355;0
1290;улица Димитрова;ул. Димитрова;в сторону улицы Пушкинской;2;56,86973764;53,22134577;0
1291;Мебельный комбинат;Мебельный комбинат;в сторону улицы Удмуртской;2;56,87205111;53,22709444;0
1292;Троллейбусный парк;Троллейбусный парк;в сторону улицы 10 лет Октября;2;56,87738022;53,22229434;0
1293;магазин Электротехника в быту;м-н Э/техника в быту;в сторону улицы 10 лет Октября;2;56,87420867;53,22231137;0
1294;Мебельный комбинат;Мебельный комбинат;в сторону улицы 9 Января;2;56,87185468;53,22758798;0
1295;Школа №83;Школа №83;в сторону улицы Пушкинской;2;56,87576098;53,21291472;0
1296;Школа №83;Школа №83;в сторону улицы Удмуртской;2;56,8756452;53,21472949;0
1297;улица Щорса;ул. Щорса;в сторону улицы Пушкинской;2;56,86943795;53,21373362;0
1298;улица Щорса;ул. Щорса;в сторону улицы Пушкинской;2;56,86953491;53,21290214;0
1301;улица Димитрова;ул. Димитрова;в сторону улицы Удмуртской;2;56,869579;53,22024605;0
1302;Северный микрорайон;Северный мкрн;в сторону улицы 10 лет Октября;2;56,87891346;53,22309838;0
1303;Северный микрорайон;Северный мкрн;в сторону улицы Бумашевской;2;56,87968158;53,22415471;0
1311;Торгово-развлекательный центр Италмас;ТРЦ Италмас;в сторону улицы Ленина;3;56,8679705;53,27521791;0
1312;Покровская церковь;Покровская церковь;в сторону улицы Дзержинского;3;56,87129309;53,24637472;0
1313;Покровская церковь;Покровская церковь;в сторону улицы Тимирязева;3;56,87111831;53,24620305;0
1314;Школа №79;Школа №79;в сторону улицы Дзержинского;3;56,87428207;53,24922058;0
1315;улица Чехова;ул. Чехова;в сторону улицы 9 Января;2;56,87184585;53,24864332;0
1316;Торговый техникум;Торговый техникум;в сторону улицы Ворошилова;2;56,87443744;53,25783794;0
1317;Северный рынок;Северный рынок;в сторону улицы Дзержинского;3;56,87793312;53,2501674;0
1318;улица Ворошилова;ул. Ворошилова;в сторону улицы 10 лет Октября;2;56,87756233;53,25761264;0
1319;Торговый техникум;Торговый техникум;в сторону улицы 10 лет Октября;2;56,87347588;53,25730685;0
1320;Северный рынок;Северный рынок;в сторону улицы Тимирязева;3;56,87776422;53,25020495;0
1321;Школа №79;Школа №79;в сторону улицы Тимирязева;3;56,8740941;53,24908646;0
1322;улица Чехова;ул. Чехова;в сторону улицы Удмуртской;2;56,87214493;53,2473237;0
1337;улица Петрова;ул. Петрова;в сторону улицы Сабурова;2;56,86976989;53,28911171;0
1338;4-й микрорайон;4-й мкрн;в сторону улицы Автозаводской;2;56,87399768;53,28565777;0
1340;4-й микрорайон;4-й мкрн;в сторону улицы Сабурова;2;56,87281628;53,28746563;0
1341;Торгово-развлекательный комплекс Петровский;ТРК Петровский;в сторону улицы Петрова;2;56,87262236;53,29118771;0
1342;Торгово-развлекательный комплекс Петровский;ТРК Петровский;в сторону улицы Союзной;2;56,87261357;53,29280243;0
1343;Дом моделей;Дом моделей;в сторону улицы Сабурова;2;56,87682067;53,28683259;0
1344;микрорайон Восток;мкрн Восток;в сторону Автозаводской улицы;2;56,87539653;53,30816236;0
1345;улица Ворошилова;ул. Ворошилова;начальная остановка;3;56,87240066;53,27882016;0
1347;магазин Корпорация Центр;м-н Корпорация Центр;в сторону улицы 9 Января;2;56,87670345;53,26996888;0
1348;магазин Корпорация Центр;м-н Корпорация Центр;в сторону улицы Автозаводской;2;56,87632233;53,27161199;0
1349;улица Цветочная;ул. Цветочная;в сторону улицы 9 Января;2;56,87625493;53,27392578;0
1354;улица Ворошилова;ул. Ворошилова;конечная остановка;3;56,87372277;53,28115111;0
1355;магазин Корпорация Центр;м-н Корпорация Центр;в сторону улицы Автозаводской;2;56,87642782;53,27061423;0
1356;Ремзавод;Ремзавод;в сторону улицы Бумашевской;2;56,88627012;53,23151469;0
1357;Администрация Индустриального района;Адм. Индустриального р-на;в сторону Славянского шоссе;2;56,8873925;53,23816124;0
1358;Автопарк №2;Автопарк №2;в сторону улицы Удмуртской;2;56,88218173;53,23265735;0
1360;Ижевский индустриальный техникум им. Е.Ф.Драгунова;ИИТ им. Драгунова;в сторону улицы 9 Января;2;56,88133758;53,24222207;0
1361;Администрация Индустриального района;Адм. Индустриального р-на;в сторону улицы 9 Января;2;56,8872692;53,23878902;0
1362;Ремзавод;Ремзавод;в сторону улицы 9 Января;2;56,886156;53,23212078;0
1363;Автопарк №2;Автопарк №2;в сторону улицы 9 Января;2;56,88226919;53,23148245;0
1364;Ижевский индустриальный техникум им. Е.Ф.Драгунова;ИИТ им. Драгунова;в сторону Буммашевской улицы;2;56,88133758;53,24155157;0
1365;улица Удмуртская;ул. Удмуртская;в сторону улицы Тимирязева;3;56,86166366;53,22262919;0
1366;улица Коммунаров;ул. Коммунаров;в сторону улицы Тимирязева;3;56,86126844;53,21672295;0
1367;16-й микрорайон;16-й мкрн;в сторону улицы Майской;2;56,86572979;53,22342519;0
1368;улица Авангардная;ул. Авангардная;в сторону улицы Советской;2;56,86064206;53,22061418;0
1369;улица Димитрова;ул. Димитрова;в сторону улицы Кирова;2;56,86901247;53,22275334;0
1370;улица Авангардная;ул. Авангардная;в сторону улицы Кирова;2;56,86032389;53,22100045;0
1371;радио Адам;радио Адам;в сторону улицы Удмуртской;3;56,86130955;53,22829127;0
1372;улица Удмуртская;ул. Удмуртская;в сторону улицы Карла Маркса;3;56,86167834;53,22219198;0
1373;улица Коммунаров;ул. Коммунаров;в сторону улицы Удмуртской;3;56,86126844;53,21625618;0
1374;Монтажный техникум;Монтажный техникум;в сторону улицы Карла Маркса;3;56,86027379;53,19609547;0
1376;Городская Администрация;Гор. Администрация;в сторону улицы Кирова;2;56,86706687;53,20794344;0
1377;магазин Океан;м-н Океан;в сторону улицы Карла Маркса;3;56,86060287;53,20301951;0
1378;улица Пушкинская;ул. Пушкинская;в сторону улицы Тарасова;2;56,87586242;53,20626638;0
1379;улица Холмогорова;ул. Холмогорова;в сторону улицы 10 лет Октября;2;56,87352915;53,20774527;0
1757;улица Карла Либкнехта;ул. Карла Либкнехта;в сторону улицы Ленина;3;56,83761368;53,20561186;0
1759;улица Карла Либкнехта;ул. Карла Либкнехта;в сторону улицы Карла Либкнехта;3;56,83760194;53,20545637;0
1760;переулок Октябрьский;пер. Октябрьский;в сторону улицы Ленина;3;56,83425276;53,20622344;0
1761;переулок Октябрьский;пер. Октябрьский;в сторону улицы Чугуевского;3;56,83438505;53,20604647;0
1763;Долгий мост;Долгий мост;в сторону улицы Карла Либкнехта;2;56,83950224;53,20075986;0
1764;Воткинская линия;Воткинская лин.;в сторону Магистральной улицы;3;56,82872105;53,20692619;0
1765;Трамвайное депо;Трамвайное депо;в сторону Магистральной улицы;3;56,82351804;53,20768257;0
1772;Воткинская линия;Воткинская лин.;в сторону улицы Чугуевского;3;56,8285387;53,20711933;0
1773;Трамвайное депо;Трамвайное депо;в сторону улицы Чугуевского;3;56,82369156;53,20780591;0
1776;улица Коммунаров;ул. Коммунаров;в сторону улицы Воровского;2;56,83803858;53,22296579;0
1777;Торговый центр Медведь;ТЦ Медведь;в сторону улицы Пушкинской;2;56,83767158;53,21358993;0
1778;улица Коммунаров;ул. Коммунаров;в сторону улицы Пушкинской;2;56,83815027;53,22126528;0
1779;Центральный рынок;Центр. рынок;в сторону улицы Карла Маркса;2;56,83783859;53,21278401;0
1785;Долгий мост;Долгий мост;в сторону улицы Карла Либкнехта;2;56,83977058;53,20072536;0
1786;улица Карла Маркса;ул. Карла Маркса;в сторону улицы Горького;2;56,83732548;53,20418228;0
1787;улица Карла Маркса;ул. Карла Маркса;в сторону улицы Пушкинской;2;56,83733083;53,20674185;0
1789;Долгий мост;Долгий мост;в сторону улицы Ленина;2;56,84041085;53,20089206;0
1793;МУП ИжГорЭлектроТранс;ИжГЭТ;в сторону улицы Карла Либкнехта;2;56,83339441;53,19979994;0
1794;Свято-Михайловский собор;Св.-Михайловский соб.;в сторону улицы Кирова;3;56,84828959;53,20396858;0
1795;улица Красноармейская;ул. Красноармейская;в сторону улицы Пушкинской;3;56,84400539;53,21260174;0
1796;Центр;Центр;начальная остановка;2;56,84353816;53,20296525;0
1797;Собор Александра Невского;Собор А. Невского;начальная остановка;2;56,84459805;53,20159154;0
1798;улица Красноармейская;ул. Красноармейская;в сторону улицы Пушкинской;2;56,84544219;53,21193996;0
1799;Собор Александра Невского;Собор А. Невского;конечная остановка;2;56,84392605;53,20218407;0
1800;Летний сад имени М. Горького;Летний сад;в сторону улицы Кирова;2;56,84584116;53,19997826;0
1801;Дворец культуры Аксион;ДК Аксион;в сторону улицы Советской;2;56,84854602;53,19911363;0
1802;Центр;Центр;в сторону улицы Кирова;3;56,84461834;53,20453901;0
1803;Центр;Центр;в сторону улицы Пушкинской;3;56,84352622;53,20544559;0
1804;Свято-Михайловский собор;Св.-Михайловский соб.;в сторону улицы Ленина;3;56,84842075;53,20381478;0
1805;Пирожковая;Пирожковая;в сторону улицы Карла Либкнехта;2;56,84272689;53,20021874;0
1806;Центр;Центр;в сторону Станкостроя;2;56,84350121;53,19935698;0
1807;Собор Александра Невского;Собор А. Невского;начальная остановка;2;56,84359977;53,20149542;0
1809;улица Красноармейская;ул. Красноармейская;в сторону улицы Пушкинской;2;56,84545983;53,21028768;0
1810;улица Труда;ул. Труда;в сторону улицы Ленина;2;56,86129889;53,29060713;0
1811;улица Татьяны Барамзиной;ул. Татьяны Барамзиной;в сторону улицы Ворошилова;2;56,86471066;53,29013632;0
1812;улица Труда;ул. Труда;в сторону улицы Сабурова;2;56,86227779;53,29066741;0
1814;улица Труда;ул. Труда;начальная остановка;2;56,86058814;53,29165987;0
1815;улица Труда;ул. Труда;конечная остановка;2;56,86027375;53,29176713;0
1816;улица Татьяны Барамзиной;ул. Татьяны Барамзиной;в сторону улицы Ленина;2;56,86537208;53,28975616;0
1817;Металлкомплект;Металлкомплект;в сторону Двенадцатой улицы;2;56,83225394;53,16525343;0
1818;улица Новоажимова;ул. Новоажимова;в сторону улицы Азина;2;56,83150849;53,17110066;0
1819;улица Новоажимова;ул. Новоажимова;в сторону Двенадцатой улицы;2;56,83170483;53,17105871;0
1820;Металлкомплект;Металлкомплект;в сторону улицы Азина;2;56,83203676;53,1639445;0
1821;Акционерное общество Ижсталь;АО Ижсталь;в сторону Двенадцатой улицы;2;56,83198098;53,18442582;0
1822;Акционерное общество Ижсталь;АО Ижсталь;в сторону улицы Азина;2;56,83176661;53,18387784;0
1823;Домостроительный комбинат;ДСК;в сторону улицы Маяковского;2;56,83186652;53,18628192;0
1829;Банк Зенит;Банк Зенит;в сторону улицы Удмуртской;3;56,84466393;53,22032654;0
1830;магазин Светлана;м-н Светлана;в сторону улицы Удмуртской;2;56,84591751;53,21770669;0
1831;Дворец спорта;Дворец спорта;в сторону улицы Удмуртской;2;56,84691981;53,22837553;0
1833;Дворец спорта;Дворец спорта;в сторону улицы Ленина;2;56,84681753;53,22879019;0
1834;Удмуртский государственный университет;УдГУ;в сторону улицы Чугуевского;2;56,85033255;53,2246;0
1835;Удмуртский государственный университет;УдГУ;в сторону улицы Кирова;2;56,84967838;53,22532952;0
1837;стадион Динамо;стадион Динамо;в сторону улицы Кирова;2;56,84839938;53,21332938;0
1838;стадион Динамо;стадион Динамо;в сторону улицы Советской;2;56,84933515;53,21264271;0
1841;магазин Светлана;м-н Светлана;в сторону улицы Пушкинской;2;56,84595563;53,21649432;0
1843;Банк Зенит;Банк Зенит;в сторону улицы Пушкинской;3;56,84475065;53,22067248;0
1844;улица Красноармейская;ул. Красноармейская;в сторону улицы Карла Маркса;3;56,84407594;53,21292092;0
1845;Центральная мечеть;Центр. мечеть;в сторону улицы Ленина;3;56,84048629;53,20515058;0
1846;Центр;Центр;в сторону улицы Ленина;3;56,84385549;53,2045444;0
1866;улица Автозаводская;ул. Автозаводская;в сторону улицы Ворошилова;2;56,88008977;53,29476772;0
1867;улица Автозаводская;ул. Автозаводская;в сторону улицы Сабурова;2;56,87944529;53,29264839;0
1868;Дом моделей;Дом моделей;в сторону улицы Петрова;2;56,87597061;53,28488531;0
1869;Поликлиника Нефтяников;поликл. Нефтяников;в сторону улицы Союзной;2;56,87281333;53,29567237;0
1870;улица Петрова;ул. Петрова;в сторону улицы Ленина;2;56,86962648;53,28888183;0
1871;улица Сабурова;ул. Сабурова;в сторону Автозаводской улицы;2;56,87446331;53,30196163;0
1872;Поликлиника Нефтяников;поликл. Нефтяников;в сторону улицы Петрова;2;56,87303361;53,29771622;0
1874;микрорайон Восток;мкрн Восток;в сторону улицы Сабурова;2;56,87477231;53,30815608;0
1875;Разворотное кольцо;Разворотное кольцо;в сторону улицы Берша;2;56,88184187;53,30557585;0
1876;Автозавод;Автозавод;в сторону завода Пластмасс;2;56,88112212;53,30138649;0
1877;Автозавод;Автозавод;в сторону улицы Сабурова;2;56,88044669;53,30044954;0
1878;Автозавод;Автозавод;в сторону Дома моделей;2;56,88086279;53,29916633;0
1879;Разворотное кольцо;Разворотное кольцо;в сторону улицы Союзной;2;56,88200943;53,30597141;0
1881;улица Архитектора Берша;ул. Архитектора Берша;в сторону Автозаводской улицы;2;56,8786962;53,30748801;0
1882;улица Архитектора Берша;ул. Архитектора Берша;в сторону улицы Автозаводской;2;56,87839124;53,30742337;0
1895;Речка Карлутка;р. Карлутка;в сторону улицы Ворошилова;3;56,84662765;53,24209802;0
1898;Речка Карлутка;р. Карлутка;в сторону улицы Орджоникидзе;3;56,84663939;53,24167419;0
1901;улица Воровского;ул. Воровского;в сторону улицы Удмуртской;3;56,845831;53,23097759;0
1902;улица Воровского;ул. Воровского;в сторону улицы Орджоникидзе;3;56,84571343;53,23021582;0
1904;улица Клубная;ул. Клубная;в сторону улицы Азина;2;56,83073195;53,14893024;0
1906;Швейная фабрика Зангари;Шв. ф-ка Зангари;в сторону улицы Азина;2;56,83170217;53,15670255;0
1911;Швейная фабрика Зангари;Шв. ф-ка Зангари;в сторону улицы Азина;2;56,83139402;53,15565107;0
1914;улица Клубная;ул. Клубная;в сторону улицы Новошестнадцатой;2;56,83103849;53,1501037;0
1928;Акционерное общество Ижсталь;АО Ижсталь;в сторону Областной улицы;2;56,83061945;53,185214;0
1929;завод ВЭМ;завод ВЭМ;в сторону улицы Областной;2;56,82768116;53,18491845;0
1930;завод ВЭМ;завод ВЭМ;в сторону улицы Новоажимова;2;56,82690032;53,18515435;0
1931;Центральная мечеть;Центр. мечеть;в сторону улицы Карла Либкнехта;3;56,84043337;53,20502715;0
1932;Центр;Центр;в сторону улицы Карла Либкнехта;3;56,8430323;53,20469459;0
1933;Заводоуправление;Заводоуправление;в сторону Станкостроя;2;56,8441067;53,18761573;0
1934;Станкострой;Станкострой;конечная остановка;2;56,84353378;53,17871199;0
1935;Заводоуправление;Заводоуправление;в сторону улицы Горького;2;56,84400112;53,18732073;0
1949;Русский дом;Русский дом;в сторону Славянского шоссе;2;56,88877277;53,246283;0
1950;Буммаш;Буммаш;начальная остановка;3;56,88237678;53,25018887;0
1951;улица Ворошилова;ул. Ворошилова;в сторону улицы Дзержинского;2;56,87962293;53,25836363;0
1952;Трамвайное кольцо;Трамвайное кольцо;в сторону Буммашевской улицы;2;56,88320166;53,24887401;0
1953;Трамвайное кольцо;Трамвайное кольцо;в сторону улицы 9 Января;2;56,88333648;53,2501453;0
1954;улица 9 Января;ул. 9 Января;в сторону Буммашевской улицы;2;56,88499821;53,25594968;0
1956;улица 9 Января;ул. 9 Января;в сторону Воткинского шоссе;2;56,88618512;53,25891619;0
1957;улица Ворошилова;ул. Ворошилова;в сторону улицы Ворошилова;2;56,87931517;53,25795059;0
1958;Буммаш;Буммаш;конечная остановка;3;56,88209775;53,2498026;0
2081;Долгий мост;Долгий мост;в сторону улицы Карла Либкнехта;2;56,83922576;53,20080581;0
2193;База строймеханизации;База строймеханизации;начальная остановка;2;56,81187181;53,14000677;0
2199;поселок Шунды;пос. Шунды;начальная остановка;2;56,79997808;53,14217003;0
2201;Центр;Центр;конечная остановка;2;56,84356063;53,20342086;0
2206;поселок Машиностроителей;пос. Машиностроителей;начальная остановка;2;56,83253363;53,11122979;0
2208;Станкострой;Станкострой;начальная остановка;2;56,84336519;53,17832667;0
2216;Парк имени Кирова;Парк им. Кирова;конечная остановка;2;56,86078937;53,17873511;0
2218;завод Пластмасс;з-д Пластмасс;конечная остановка;2;56,88354033;53,31511368;0
2228;Пирожковая;Пирожковая;в сторону улицы Карла Либкнехта;2;56,84287026;53,20020039;0
2246;ТЦ Мой порт;ТЦ Мой порт;в сторону улицы Кирова;2;56,86450202;53,22305778;0
2247;Новый город;Новый город;в сторону улицы Тарасова;2;56,87690183;53,19731832;0
